time_utc,time_excel,latitude_decimal,longitude_decimal,elevation_meters
2025-05-10T10:58:06Z,45787.45701388889,37.53813,-88.9777,215.9249599999963
2025-05-10T10:58:39Z,45787.457395833335,37.53813,-88.97772,215.94425600000304
2025-05-10T10:58:44Z,45787.457453703704,37.53815,-88.97772,215.9292800000049
2025-05-10T10:58:49Z,45787.45751157407,37.53822,-88.97782,216.062016
2025-05-10T10:58:54Z,45787.45756944444,37.53822,-88.97789,216.16483199999945
2025-05-10T10:59:07Z,45787.457719907405,37.53823,-88.97794,216.2172480000079
2025-05-10T11:00:21Z,45787.45857638889,37.53816,-88.97799,216.47673600001838
2025-05-10T11:00:51Z,45787.45892361111,37.53811,-88.97793,216.44059199999552
2025-05-10T11:01:11Z,45787.45915509259,37.53817,-88.97796,216.38572799998914
2025-05-10T11:01:32Z,45787.459398148145,37.53828,-88.97796,216.12595199999646
2025-05-10T11:01:53Z,45787.459641203706,37.5384,-88.9778,215.7791999999923
2025-05-10T11:02:56Z,45787.46037037037,37.53871,-88.97802,215.56156799999607
2025-05-10T11:03:02Z,45787.460439814815,37.53852,-88.97795,215.74464000001913
2025-05-10T11:03:12Z,45787.46055555555,37.53858,-88.97795,215.66256000001803
2025-05-10T11:03:32Z,45787.46078703704,37.53861,-88.97797,215.6932319999985
2025-05-10T11:03:42Z,45787.46090277778,37.53864,-88.97798,215.65228800000506
2025-05-10T11:03:56Z,45787.461064814815,37.53876,-88.97801,215.3879039999857
2025-05-10T11:04:01Z,45787.461122685185,37.53885,-88.97803,215.12712000001343
2025-05-10T11:04:07Z,45787.46119212963,37.53887,-88.97804,215.0641919999886
2025-05-10T11:04:12Z,45787.46125,37.53891,-88.97805,214.99847999999884
2025-05-10T11:04:18Z,45787.46131944445,37.53893,-88.97804,214.9917119999961
2025-05-10T11:04:28Z,45787.461435185185,37.53895,-88.97803,214.97976000000318
2025-05-10T11:04:32Z,45787.461481481485,37.53898,-88.97802,214.95801599999987
2025-05-10T11:04:37Z,45787.461539351854,37.53902,-88.97801,214.92259199999552
2025-05-10T11:04:42Z,45787.461597222224,37.53907,-88.97801,214.89307199999294
2025-05-10T11:04:47Z,45787.46165509259,37.53908,-88.978,214.86239999998733
2025-05-10T11:04:52Z,45787.46171296296,37.53913,-88.97799,214.795152
2025-05-10T11:04:57Z,45787.46177083333,37.53915,-88.97801,214.84583999999225
2025-05-10T11:05:02Z,45787.46183,37.53921,-88.978,214.6751999999915
2025-05-10T11:05:06Z,45787.46188,37.53924,-88.97802,214.64179200000353
2025-05-10T11:05:11Z,45787.46193287037,37.53928,-88.97803,214.5375360000151
2025-05-10T11:05:16Z,45787.46199074074,37.53928,-88.97807,214.59200000000737
2025-05-10T11:05:21Z,45787.46204861111,37.53933,-88.97809,214.41200000000117
2025-05-10T11:05:26Z,45787.46210648148,37.53934,-88.97811,214.37599999998974
2025-05-10T11:05:31Z,45787.462164351855,37.53941,-88.97812,214.12400000001207
2025-05-10T11:05:39Z,45787.46225694445,37.53943,-88.97812,214.05199999998922
2025-05-10T11:05:44Z,45787.46231481482,37.53913,-88.9781,215
2025-05-10T11:05:49Z,45787.462372685186,37.53908,-88.9781,215
2025-05-10T11:05:54Z,45787.462430555555,37.53919,-88.97811,214.9160000000079
2025-05-10T11:05:58Z,45787.462476851855,37.53923,-88.97812,214.77199999998766
2025-05-10T11:06:05Z,45787.46255787037,37.53925,-88.97811,214.69999999999027
2025-05-10T11:06:10Z,45787.46261574074,37.53929,-88.9781,214.55599999999595
2025-05-10T11:06:15Z,45787.46267361111,37.53946,-88.97818,214
2025-05-10T11:06:20Z,45787.46273148148,37.53952,-88.97821,214
2025-05-10T11:06:25Z,45787.462789351855,37.54001,-88.97838,213
2025-05-10T11:06:29Z,45787.46283564815,37.54058,-88.97854,211.82400000001053
2025-05-10T11:06:34Z,45787.46289351852,37.54062,-88.97845,211.5360000000219
2025-05-10T11:06:39Z,45787.46295138889,37.54064,-88.97838,211.39199999997618
2025-05-10T11:06:44Z,45787.463009259256,37.54065,-88.97835,211.32000000000426
2025-05-10T11:06:48Z,45787.463055555556,37.54061,-88.97826,211.39574400001132
2025-05-10T11:06:53Z,45787.463113425925,37.54059,-88.97819,211.29998399998422
2025-05-10T11:06:57Z,45787.463159722225,37.54057,-88.97814,211.23619199997572
2025-05-10T11:07:02Z,45787.463217592594,37.54057,-88.97809,211.06555199997163
2025-05-10T11:07:08Z,45787.46328703704,37.54057,-88.97807,210.9972959999991
2025-05-10T11:07:16Z,45787.46337962963,37.54056,-88.97803,210.79852800003158
2025-05-10T11:07:20Z,45787.463425925926,37.54055,-88.97798,210.46688000000998
2025-05-10T11:07:25Z,45787.463483796295,37.54051,-88.97786,209.8229120000533
2025-05-10T11:07:35Z,45787.46359953703,37.5402,-88.97771,211.4916800000102
2025-05-10T11:07:45Z,45787.46371527778,37.54018,-88.9776,211.47871999999703
2025-05-10T11:07:55Z,45787.46383101852,37.54017,-88.97767,211.62545599998515
2025-05-10T11:08:15Z,45787.46406,37.54006,-88.97752,211.8404480000075
2025-05-10T11:08:20Z,45787.46412037037,37.54002,-88.97772,212.6629760000272
2025-05-10T11:08:25Z,45787.46417824074,37.53996,-88.97776,212.92678400001464
2025-05-10T11:08:30Z,45787.46423611111,37.5399,-88.97775,212.86400000000273
2025-05-10T11:08:34Z,45787.46428240741,37.53985,-88.97779,213.00351999999927
2025-05-10T11:08:39Z,45787.46434027778,37.53977,-88.97772,212.619776
2025-05-10T11:08:44Z,45787.46439814815,37.53972,-88.97769,212.37599999995814
2025-05-10T11:08:48Z,45787.46444444444,37.53968,-88.9777,212.592
2025-05-10T11:08:53Z,45787.46450231481,37.53962,-88.97772,212.95200000003865
2025-05-10T11:08:58Z,45787.46456018519,37.53958,-88.97773,213.16799999995374
2025-05-10T11:09:03Z,45787.46461805556,37.53954,-88.97773,213.31199999994828
2025-05-10T11:09:07Z,45787.46466435185,37.53949,-88.97773,213.49199999995426
2025-05-10T11:09:12Z,45787.46472222222,37.53942,-88.97775,213.8088000000024
2025-05-10T11:09:17Z,45787.464780092596,37.53938,-88.97773,213.695904
2025-05-10T11:09:21Z,45787.46482638889,37.5395,-88.97767,213.0240000000358
2025-05-10T11:09:26Z,45787.46488425926,37.53967,-88.9776,211.90799999996307
2025-05-10T11:09:32Z,45787.464953703704,37.53968,-88.97756,211.584
2025-05-10T11:09:37Z,45787.46501157407,37.53958,-88.97754,211.8000000000311
2025-05-10T11:09:45Z,45787.465104166666,37.53955,-88.97748,211.47600000000511
2025-05-10T11:09:50Z,45787.465162037035,37.53949,-88.97738,210.97199999997292
2025-05-10T11:09:55Z,45787.465219907404,37.53946,-88.9773,210.50400000000354
2025-05-10T11:09:59Z,45787.465266203704,37.53948,-88.97724,209.99999999997135
2025-05-10T11:10:04Z,45787.46532407407,37.53949,-88.97716,208.93999999996595
2025-05-10T11:10:09Z,45787.46538194444,37.53957,-88.97714,208.36400000009007
2025-05-10T11:10:14Z,45787.46543981481,37.53964,-88.97709,207.39200000006304
2025-05-10T11:10:19Z,45787.46549768518,37.5397,-88.97711,207.46399999993218
2025-05-10T11:10:23Z,45787.46554398148,37.53975,-88.97706,206.7055999999156
2025-05-10T11:10:28Z,45787.46560185185,37.53979,-88.97707,206.91828799997012
2025-05-10T11:10:33Z,45787.46565972222,37.53985,-88.97706,206.85535999991342
2025-05-10T11:10:37Z,45787.46570601852,37.5399,-88.97706,206.93023999991232
2025-05-10T11:10:42Z,45787.46576388889,37.53996,-88.97706,207.0200959999047
2025-05-10T11:10:47Z,45787.46582175926,37.54,-88.97705,206.90000000009823
2025-05-10T11:11:04Z,45787.46601851852,37.53988,-88.97712,207.88697599998108
2025-05-10T11:11:27Z,45787.46628472222,37.53999,-88.9772,209.56687999994398
2025-05-10T11:11:32Z,45787.46634259259,37.54004,-88.97722,209.81715200005453
2025-05-10T11:11:36Z,45787.46638888889,37.54008,-88.97708,207.29945600000852
2025-05-10T11:11:41Z,45787.46644675926,37.54012,-88.97697,205.4202559999064
2025-05-10T11:11:46Z,45787.46650462963,37.54015,-88.97698,205.5708799999615
2025-05-10T11:11:50Z,45787.46655092593,37.5402,-88.977,205.8560000000605
2025-05-10T11:11:55Z,45787.46661,37.54024,-88.97696,205.23161600008066
2025-05-10T11:12:00Z,45787.46666666667,37.54027,-88.97691,204.38000000006696
2025-05-10T11:12:05Z,45787.46672453704,37.54033,-88.97686,203.6680000000274
2025-05-10T11:12:19Z,45787.466886574075,37.54013,-88.97681,202.5800000000072
2025-05-10T11:12:24Z,45787.466944444444,37.54018,-88.97675,201.4999999999202
2025-05-10T11:12:29Z,45787.467002314814,37.5401,-88.97689,204.0199999999527
2025-05-10T11:12:34Z,45787.46706018518,37.54013,-88.97684,203.1199999999228
2025-05-10T11:12:40Z,45787.46712962963,37.54017,-88.97685,203.29999999997995
2025-05-10T11:12:45Z,45787.46719,37.54014,-88.97691,204.38000000006696
2025-05-10T11:12:50Z,45787.46724537037,37.54015,-88.97687,203.66000000009421
2025-05-10T11:12:55Z,45787.46730324074,37.54019,-88.97679,202.21999999989293
2025-05-10T11:13:15Z,45787.46753472222,37.54027,-88.97673,201.14000000006172
2025-05-10T11:13:25Z,45787.46765046296,37.54029,-88.97667,200.10399999997048
2025-05-10T11:13:35Z,45787.46776620371,37.5403,-88.97659,198.72208000003795
2025-05-10T11:13:55Z,45787.467997685184,37.54036,-88.97656,198.4896640001054
2025-05-10T11:14:11Z,45787.46818287037,37.5404,-88.97655,198.52480000004255
2025-05-10T11:14:39Z,45787.468506944446,37.54112,-88.9758,184.1868800005177
2025-05-10T11:14:45Z,45787.46857638889,37.54116,-88.97582,184.29113599998993
2025-05-10T11:14:50Z,45787.46863425926,37.54118,-88.97584,184.67571200022286
2025-05-10T11:14:54Z,45787.468680555554,37.54124,-88.97584,182.54681600007535
2025-05-10T11:15:01Z,45787.46876157408,37.54125,-88.97583,181.79000000019647
2025-05-10T11:15:06Z,45787.468819444446,37.54127,-88.97582,180.4641920000221
2025-05-10T11:15:11Z,45787.468877314815,37.54129,-88.97582,179.76838400004954
2025-05-10T11:15:16Z,45787.468935185185,37.5413,-88.97585,180.74479999981784
2025-05-10T11:15:20Z,45787.468981481485,37.54135,-88.9759,180.8383999998053
2025-05-10T11:15:25Z,45787.469039351854,37.54066,-88.97642,197.86611200008133
2025-05-10T11:17:10Z,45787.47025462963,37.54156,-88.9761,178.3692800002478
2025-05-10T11:17:14Z,45787.470300925925,37.5417,-88.97605,170.15120000005544
2025-05-10T11:17:42Z,45787.47063,37.54095,-88.97642,197.20592000004086
2025-05-10T11:17:52Z,45787.47074074074,37.54082,-88.97642,198.50662400006644
2025-05-10T11:18:02Z,45787.47085648148,37.54079,-88.97649,199.60721599997638
2025-05-10T11:18:23Z,45787.47109953704,37.5408,-88.97651,200.00768000006752
2025-05-10T11:19:01Z,45787.47153935185,37.54198,-88.9768,169.55743999994598
2025-05-10T11:19:06Z,45787.471597222226,37.54195,-88.9768,170.36960000001164
2025-05-10T11:19:10Z,45787.47164351852,37.5419,-88.97682,174.07296000013426
2025-05-10T11:19:16Z,45787.471712962964,37.54195,-88.97676,170.51072000000633
2025-05-10T11:19:22Z,45787.47178240741,37.54205,-88.97674,167.7963199998947
2025-05-10T11:19:34Z,45787.471921296295,37.542,-88.9769,168.7279999999574
2025-05-10T11:19:39Z,45787.471979166665,37.54205,-88.97689,167.46151999992165
2025-05-10T11:19:46Z,45787.47206018519,37.54203,-88.97694,167.85507200008064
2025-05-10T11:19:59Z,45787.47221064815,37.54216,-88.97719,165.4519999999095
2025-05-10T11:20:05Z,45787.472280092596,37.54223,-88.97733,164.64227199990358
2025-05-10T11:20:13Z,45787.47237268519,37.54145,-88.97703,196.58024000002692
2025-05-10T11:20:36Z,45787.47263888889,37.54105,-88.97683,201.91064000014032
2025-05-10T11:21:30Z,45787.47326388889,37.54133,-88.97706,198.5998079999424
2025-05-10T11:21:48Z,45787.47347222222,37.54185,-88.97727,178.30744000024066
2025-05-10T11:21:53Z,45787.47353009259,37.54244,-88.97761,161.03939200001824
2025-05-10T11:21:58Z,45787.473587962966,37.54247,-88.97759,160.54302399996368
2025-05-10T11:22:13Z,45787.473761574074,37.54196,-88.97726,170.10969599991597
2025-05-10T11:23:47Z,45787.47484953704,37.54143,-88.97676,195.7937280000176
2025-05-10T11:25:16Z,45787.47587962963,37.54323,-88.97664,173.93769600011984
2025-05-10T11:25:47Z,45787.47623842592,37.54183,-88.97671,179.6888160001984
2025-05-10T11:25:59Z,45787.476377314815,37.54344,-88.97633,175.9645119999208
2025-05-10T11:26:04Z,45787.476435185185,37.54256,-88.97651,163.8312959999724
2025-05-10T11:26:13Z,45787.476539351854,37.54203,-88.97664,168.37356800010812
2025-05-10T11:26:47Z,45787.47693287037,37.54336,-88.97628,173.8180479999781
2025-05-10T11:27:47Z,45787.477627314816,37.5434,-88.97617,174.9236799999906
2025-05-10T11:27:59Z,45787.47777,37.54342,-88.97629,175.2782079999472
2025-05-10T11:28:09Z,45787.47788194445,37.54338,-88.97617,174.75577600000807
2025-05-10T11:28:27Z,45787.47809027778,37.54341,-88.9762,175.01152000001937
2025-05-10T11:29:57Z,45787.47913194444,37.54344,-88.97618,175.3035519999663
2025-05-10T11:30:19Z,45787.47938657407,37.54362,-88.97638,182.9710720000982
2025-05-10T11:30:39Z,45787.47961805556,37.54352,-88.97637,179.0933440000779
2025-05-10T11:30:49Z,45787.479733796295,37.54342,-88.97616,175.07603199997223
2025-05-10T11:31:09Z,45787.47996527778,37.54337,-88.97633,173.78017600007084
2025-05-10T11:31:19Z,45787.48008101852,37.54335,-88.97639,172.69127999972827
2025-05-10T11:31:29Z,45787.48019675926,37.54323,-88.97648,171.0438719999528
2025-05-10T11:32:08Z,45787.48064814815,37.54346,-88.9762,175.64512000008207
2025-05-10T11:32:20Z,45787.480787037035,37.5435,-88.97626,176.92959999998706
2025-05-10T11:32:27Z,45787.48086805556,37.54348,-88.97623,176.2018240000513
2025-05-10T11:32:39Z,45787.48100694444,37.54352,-88.97627,177.5122240000127
2025-05-10T11:33:09Z,45787.481354166666,37.54359,-88.97608,175.1800960000171
2025-05-10T11:33:19Z,45787.481469907405,37.54356,-88.97606,175.45484799996837
2025-05-10T11:33:58Z,45787.48192,37.54372,-88.9759,176.9987199999667
2025-05-10T11:34:09Z,45787.48204861111,37.54373,-88.97612,179.49491199974315
2025-05-10T11:34:39Z,45787.482395833336,37.54388,-88.97598,181.03993600022355
2025-05-10T11:34:49Z,45787.482511574075,37.54386,-88.97595,179.8628799999725
2025-05-10T11:34:59Z,45787.482627314814,37.54385,-88.976,180.90399999995546
2025-05-10T11:35:29Z,45787.48297453704,37.54377,-88.97593,178.0155040001096
2025-05-10T11:35:39Z,45787.483090277776,37.5438,-88.97597,179.1990400000194
2025-05-10T11:35:59Z,45787.48332175926,37.54371,-88.97597,177.44036799997687
2025-05-10T11:36:29Z,45787.483668981484,37.54379,-88.97594,178.48566399992214
2025-05-10T11:37:11Z,45787.48415509259,37.54372,-88.97588,176.8167040000372
2025-05-10T11:37:18Z,45787.48423611111,37.54372,-88.97593,177.27174400005498
2025-05-10T11:37:39Z,45787.48447916667,37.54382,-88.97595,179.17455999988883
2025-05-10T11:37:59Z,45787.48471064815,37.54374,-88.97593,177.56924800005558
2025-05-10T11:38:09Z,45787.484826388885,37.54371,-88.97586,176.56758399996022
2025-05-10T11:38:19Z,45787.48494212963,37.54365,-88.97587,176.17431999999667
2025-05-10T11:38:59Z,45787.48540509259,37.54365,-88.97578,177.2958399999938
2025-05-10T11:39:29Z,45787.48575231482,37.54382,-88.97593,178.75926400005991
2025-05-10T11:39:59Z,45787.48609953704,37.54373,-88.97593,177.4204960000022
2025-05-10T11:40:29Z,45787.486446759256,37.54385,-88.97601,181.14664000003134
2025-05-10T11:40:49Z,45787.48667824074,37.54383,-88.97589,178.0307680001474
2025-05-10T11:40:59Z,45787.48679398148,37.54372,-88.97569,178.58809599999313
2025-05-10T11:41:09Z,45787.486909722225,37.54377,-88.97583,176.6079519999855
2025-05-10T11:41:19Z,45787.487025462964,37.54371,-88.97583,176.410096
2025-05-10T11:41:29Z,45787.48714,37.54376,-88.9759,177.45375999992902
2025-05-10T11:41:39Z,45787.48725694444,37.54376,-88.97583,176.57497599997322
2025-05-10T11:41:49Z,45787.48737268519,37.54388,-88.97602,182.15046400018838
2025-05-10T11:41:59Z,45787.487488425926,37.54386,-88.97597,180.37148800013907
2025-05-10T11:42:09Z,45787.487604166665,37.54378,-88.97596,178.64723199997582
2025-05-10T11:42:49Z,45787.48806712963,37.54361,-88.97571,179.13644799980943
2025-05-10T11:43:19Z,45787.48841435185,37.54367,-88.97574,178.06537599996986
2025-05-10T11:43:29Z,45787.488530092596,37.54377,-88.97584,176.67155200008585
2025-05-10T11:43:48Z,45787.48875,37.54375,-88.97599,178.4740000000107
2025-05-10T11:44:29Z,45787.489224537036,37.54366,-88.97599,176.5053760000504
2025-05-10T11:44:39Z,45787.489340277774,37.54362,-88.97598,175.6560639999229
2025-05-10T11:44:59Z,45787.48957175926,37.54351,-88.97599,176.70563200008618
2025-05-10T11:45:18Z,45787.48979166667,37.5435,-88.97605,175.9239999999784
2025-05-10T11:45:50Z,45787.49016203704,37.5436,-88.97617,176.60271999987884
2025-05-10T11:46:09Z,45787.490381944444,37.54359,-88.97609,175.12220800000057
2025-05-10T11:46:29Z,45787.49061342593,37.54356,-88.97606,175.45484799996837
2025-05-10T11:46:39Z,45787.49072916667,37.54359,-88.9761,175.06432
2025-05-10T11:46:49Z,45787.49084490741,37.54367,-88.9763,182.1275199998269
2025-05-10T11:46:59Z,45787.490960648145,37.54357,-88.97622,177.4978239999907
2025-05-10T11:47:58Z,45787.491643518515,37.5434,-88.97616,174.93663999999717
2025-05-10T11:48:10Z,45787.49178240741,37.54343,-88.97616,175.14572799998444
2025-05-10T11:48:39Z,45787.492118055554,37.54353,-88.97627,177.7387359999237
2025-05-10T11:48:50Z,45787.49224537037,37.54348,-88.97625,176.40399999997868
2025-05-10T11:49:09Z,45787.49246527778,37.54339,-88.97624,174.64921600003007
2025-05-10T11:49:30Z,45787.49270833333,37.54334,-88.97625,173.63200000007907
2025-05-10T11:49:39Z,45787.49281,37.54336,-88.97627,173.88803200000046
2025-05-10T11:50:30Z,45787.49340277778,37.54333,-88.97634,172.46723200002836
2025-05-10T11:50:51Z,45787.49364583333,37.54324,-88.97627,172.51388799998895
2025-05-10T11:50:58Z,45787.493726851855,37.54309,-88.97651,166.3005119999954
2025-05-10T11:51:10Z,45787.49386574074,37.54318,-88.97627,172.018816
2025-05-10T11:51:18Z,45787.49395833333,37.54299,-88.97614,176.37344000001946
2025-05-10T11:52:50Z,45787.49502314815,37.54319,-88.97635,169.60264000016357
2025-05-10T11:54:09Z,45787.49594,37.54266,-88.97633,167.7279999998998
2025-05-10T11:54:14Z,45787.49599537037,37.54269,-88.97631,168.55600000003415
2025-05-10T11:54:26Z,45787.49613425926,37.54272,-88.97633,168.8079999999868
2025-05-10T11:54:40Z,45787.496296296296,37.54274,-88.97634,169.02400000013267
2025-05-10T11:54:47Z,45787.49637731481,37.54276,-88.97633,169.52799999995955
2025-05-10T11:54:52Z,45787.49643518519,37.54282,-88.97632,169.76095999998188
2025-05-10T11:54:57Z,45787.49649305556,37.54284,-88.97629,170.32543999987084
2025-05-10T11:55:07Z,45787.49661,37.54285,-88.97654,165.54463999999692
2025-05-10T11:55:12Z,45787.496666666666,37.54295,-88.97641,166.34672000002007
2025-05-10T11:55:18Z,45787.49673611111,37.54293,-88.97639,166.79715200007246
2025-05-10T11:55:37Z,45787.49695601852,37.54293,-88.97637,167.45263999992247
2025-05-10T11:55:41Z,45787.49700231481,37.5429,-88.97638,167.50879999977755
2025-05-10T11:55:50Z,45787.49710648148,37.54292,-88.97638,167.24383999977158
2025-05-10T11:55:55Z,45787.49716435185,37.54292,-88.97632,169.21375999994834
2025-05-10T11:56:00Z,45787.49722222222,37.54289,-88.97626,171.11456000010526
2025-05-10T11:56:05Z,45787.49728009259,37.54286,-88.9762,172.54879999983046
2025-05-10T11:56:14Z,45787.49738425926,37.54283,-88.97606,176.64585599984358
2025-05-10T11:56:19Z,45787.49744212963,37.54221,-88.9761,162.20095999999407
2025-05-10T11:57:29Z,45787.498252314814,37.54276,-88.97609,173.77136000006524
2025-05-10T11:58:30Z,45787.49895833333,37.54275,-88.97605,175.57999999991208
2025-05-10T11:58:39Z,45787.49906,37.54277,-88.97613,172.58799999998382
2025-05-10T11:59:28Z,45787.49962962963,37.54153,-88.97558,164.11414399984182
2025-05-10T11:59:41Z,45787.49978009259,37.54251,-88.97605,169.35919999998595
2025-05-10T11:59:48Z,45787.49986111111,37.54138,-88.97567,168.956288
2025-05-10T12:00:17Z,45787.50019675926,37.54164,-88.97553,164.24550399992145
2025-05-10T12:00:50Z,45787.50058,37.54252,-88.97603,170.03024000020625
2025-05-10T12:00:57Z,45787.500659722224,37.5413,-88.97556,164.2198400000932
2025-05-10T12:01:40Z,45787.50115740741,37.54239,-88.97593,168.36761599985368
2025-05-10T12:01:48Z,45787.50125,37.54251,-88.97601,170.1310399999568
2025-05-10T12:01:52Z,45787.501296296294,37.54116,-88.97494,166.0222079999243
2025-05-10T12:01:58Z,45787.50136574074,37.54115,-88.9749,166.07520000001554
2025-05-10T12:02:02Z,45787.50141203704,37.54112,-88.97484,165.3356159999772
2025-05-10T12:02:07Z,45787.50146990741,37.54111,-88.9748,165.01599999995233
2025-05-10T12:02:32Z,45787.501759259256,37.54087,-88.97444,168.33145599992994
2025-05-10T12:02:39Z,45787.50184027778,37.54094,-88.97452,169.92172800000134
2025-05-10T12:02:56Z,45787.50203703704,37.54088,-88.97446,168.6602880000534
2025-05-10T12:03:30Z,45787.502430555556,37.54068,-88.97446,172.7556479998323
2025-05-10T12:03:36Z,45787.5025,37.54072,-88.97447,171.4141439999453
2025-05-10T12:03:56Z,45787.50273148148,37.54104,-88.97429,179.26163200026602
2025-05-10T12:04:16Z,45787.502962962964,37.54068,-88.97446,172.7556479998323
2025-05-10T12:04:36Z,45787.50319444444,37.54088,-88.97441,168.8268160000313
2025-05-10T12:04:56Z,45787.50342592593,37.54078,-88.97456,170.07148800005004
2025-05-10T12:05:09Z,45787.50357638889,37.54075,-88.97439,169.9215999998974
2025-05-10T12:05:16Z,45787.503657407404,37.54075,-88.97435,169.86399999989678
2025-05-10T12:05:45Z,45787.50399305556,37.54091,-88.97449,169.45430399988777
2025-05-10T12:06:14Z,45787.504328703704,37.54075,-88.97413,169.45479999990064
2025-05-10T12:06:22Z,45787.50442,37.54077,-88.97403,168.4427679999363
2025-05-10T12:06:50Z,45787.504745370374,37.5408,-88.97403,167.5187200000852
2025-05-10T12:07:00Z,45787.50486111111,37.54078,-88.974,168.09760000005969
2025-05-10T12:07:05Z,45787.50491898148,37.54076,-88.97392,168.4149760000451
2025-05-10T12:07:09Z,45787.504965277774,37.54074,-88.97389,168.6854079999947
2025-05-10T12:07:20Z,45787.50509259259,37.54076,-88.97391,168.38444800003433
2025-05-10T12:08:38Z,45787.50599537037,37.5407,-88.97398,170.17407999994987
2025-05-10T12:08:58Z,45787.50622685185,37.54067,-88.97391,170.17681600006668
2025-05-10T12:09:18Z,45787.50645833334,37.54067,-88.97399,171.07422400004225
2025-05-10T12:10:02Z,45787.50696759259,37.54068,-88.97401,171.00870400001756
2025-05-10T12:10:12Z,45787.50708333333,37.5407,-88.97402,170.51391999993314
2025-05-10T12:10:41Z,45787.507418981484,37.54076,-88.97399,168.6286720000336
2025-05-10T12:10:48Z,45787.5075,37.54071,-88.97408,170.67030400010776
2025-05-10T12:11:09Z,45787.507743055554,37.54065,-88.97396,171.22672000008308
2025-05-10T12:11:16Z,45787.50782407408,37.54066,-88.97392,170.49721600002843
2025-05-10T12:11:29Z,45787.50797453704,37.54067,-88.97404,171.63510400006686
2025-05-10T12:11:42Z,45787.50813,37.54069,-88.97397,170.34270399999912
2025-05-10T12:12:00Z,45787.50833333333,37.5407,-88.97414,171.53344000000362
2025-05-10T12:12:10Z,45787.50844907408,37.54066,-88.97413,173.0434239999259
2025-05-10T12:12:49Z,45787.50890046296,37.54065,-88.97413,173.44216000005463
2025-05-10T12:13:00Z,45787.50902777778,37.54079,-88.97404,167.83004799996223
2025-05-10T12:13:35Z,45787.50943287037,37.5406,-88.97396,172.44928000014755
2025-05-10T12:13:50Z,45787.50960648148,37.54062,-88.97398,172.27532800003894
2025-05-10T12:14:59Z,45787.510405092595,37.54056,-88.97389,171.94355199995522
2025-05-10T12:15:04Z,45787.510462962964,37.54059,-88.97384,173.73347200018435
2025-05-10T12:23:29Z,45787.51630787037,37.54064,-88.97391,170.77427199998436
2025-05-10T12:23:33Z,45787.51635416667,37.54062,-88.97394,171.64518400005176
2025-05-10T12:24:24Z,45787.51694444445,37.5407,-88.9739,169.49439999998336
2025-05-10T12:24:28Z,45787.51699074074,37.5407,-88.97393,169.74927999994063
2025-05-10T12:24:42Z,45787.51715277778,37.54062,-88.97404,173.22054400013164
2025-05-10T12:25:03Z,45787.51739583333,37.54055,-88.97404,175.6513599998273
2025-05-10T12:25:19Z,45787.51758101852,37.54053,-88.97399,176.0155360002402
2025-05-10T12:26:09Z,45787.518159722225,37.54044,-88.97418,185.49990400022116
2025-05-10T12:26:40Z,45787.51851851852,37.54043,-88.97421,186.19153599995715
2025-05-10T12:27:07Z,45787.51883101852,37.54065,-88.97419,173.89312000003324
2025-05-10T12:27:13Z,45787.518900462965,37.54052,-88.97426,180.09702399994455
2025-05-10T12:27:29Z,45787.51908564815,37.54054,-88.97417,178.99801599999813
2025-05-10T12:28:02Z,45787.519467592596,37.54049,-88.97418,182.23398400010078
2025-05-10T12:28:22Z,45787.51969907407,37.54051,-88.97417,180.94590400015403
2025-05-10T12:28:31Z,45787.51980324074,37.54053,-88.97418,179.6212480001975
2025-05-10T12:28:36Z,45787.51986111111,37.54056,-88.97417,177.79638400002872
2025-05-10T12:28:49Z,45787.52001157407,37.54058,-88.97418,176.90444800005068
2025-05-10T12:28:53Z,45787.52005787037,37.54062,-88.97415,174.9534400000404
2025-05-10T12:28:58Z,45787.52011574074,37.54066,-88.97415,173.2859199998259
2025-05-10T12:29:04Z,45787.52018518518,37.54069,-88.97415,172.03528000003624
2025-05-10T12:29:09Z,45787.52024305556,37.54074,-88.97415,169.9508799999919
2025-05-10T12:29:13Z,45787.52028935185,37.54079,-88.97415,167.86647999994756
2025-05-10T12:29:18Z,45787.52034722222,37.54085,-88.97418,167.39055999992058
2025-05-10T12:29:23Z,45787.52040509259,37.5409,-88.97424,170.96032000008094
2025-05-10T12:29:28Z,45787.520462962966,37.54094,-88.9743,172.91583999995407
2025-05-10T12:29:33Z,45787.520520833335,37.54097,-88.9743,174.72592000010053
2025-05-10T12:29:38Z,45787.520578703705,37.54101,-88.97434,176.09276800005222
2025-05-10T12:29:42Z,45787.52063,37.54106,-88.97439,177.04316800008684
2025-05-10T12:29:47Z,45787.520682870374,37.54109,-88.97444,176.41619199983663
2025-05-10T12:29:52Z,45787.52074074074,37.54107,-88.97447,174.6066240000484
2025-05-10T12:30:00Z,45787.520833333336,37.54097,-88.97444,172.00633600002996
2025-05-10T12:30:41Z,45787.52130787037,37.54125,-88.97515,165.69000000000162
2025-05-10T12:30:46Z,45787.521365740744,37.5413,-88.9752,165.3119999999924
2025-05-10T12:30:50Z,45787.52141203704,37.54132,-88.97525,164.7719999999799
2025-05-10T12:30:55Z,45787.521469907406,37.54135,-88.97531,164.18024000001105
2025-05-10T12:31:00Z,45787.521527777775,37.54137,-88.97535,163.89367999997543
2025-05-10T12:31:04Z,45787.521574074075,37.54137,-88.97537,163.82657600000167
2025-05-10T12:31:09Z,45787.521631944444,37.5414,-88.97539,163.7075200000125
2025-05-10T12:31:14Z,45787.521689814814,37.54144,-88.9754,164.0531200000509
2025-05-10T12:31:18Z,45787.52173611111,37.54149,-88.97542,164.38489600003012
2025-05-10T12:31:23Z,45787.52179398148,37.54153,-88.97547,164.28539199999835
2025-05-10T12:31:28Z,45787.52185185185,37.54156,-88.9755,164.1856000000163
2025-05-10T12:31:33Z,45787.52190972222,37.5416,-88.97553,164.0617599999381
2025-05-10T12:31:38Z,45787.52196759259,37.54163,-88.97557,163.96409600002923
2025-05-10T12:31:42Z,45787.52201388889,37.54165,-88.97561,164.1046400000278
2025-05-10T12:31:47Z,45787.52207175926,37.54171,-88.97567,164.21091200002303
2025-05-10T12:31:52Z,45787.52212962963,37.54175,-88.97574,164.10319999999263
2025-05-10T12:31:56Z,45787.52217592593,37.54177,-88.97578,163.91369599999862
2025-05-10T12:32:01Z,45787.52223,37.54182,-88.9758,163.71295999994462
2025-05-10T12:32:06Z,45787.52229166667,37.54186,-88.97579,163.73830399996532
2025-05-10T12:32:11Z,45787.52234953704,37.5419,-88.97579,163.68415999996014
2025-05-10T12:32:16Z,45787.52240740741,37.54192,-88.97582,163.2631040000229
2025-05-10T12:32:21Z,45787.522465277776,37.54195,-88.97587,163.16144000000116
2025-05-10T12:32:26Z,45787.522523148145,37.54199,-88.97592,163.43532799999835
2025-05-10T12:32:30Z,45787.522569444445,37.54202,-88.97597,163.5007039999989
2025-05-10T12:32:35Z,45787.522627314815,37.54205,-88.976,163.44799999999702
2025-05-10T12:32:40Z,45787.522685185184,37.54207,-88.97602,163.36102399997807
2025-05-10T12:32:44Z,45787.522731481484,37.5421,-88.97605,163.15280000000536
2025-05-10T12:32:49Z,45787.52278935185,37.54211,-88.97609,162.91318399999764
2025-05-10T12:32:54Z,45787.52284722222,37.54214,-88.97614,162.74591999997395
2025-05-10T12:32:59Z,45787.52290509259,37.54216,-88.97618,162.7257599999671
2025-05-10T12:33:03Z,45787.52295138889,37.54217,-88.97623,162.77832000002277
2025-05-10T12:33:08Z,45787.52300925926,37.54217,-88.97629,162.98136000004416
2025-05-10T12:33:13Z,45787.52306712963,37.54216,-88.97634,163.37087999991562
2025-05-10T12:33:18Z,45787.52313,37.54217,-88.97636,163.21824000002903
2025-05-10T12:33:23Z,45787.52318287037,37.54218,-88.97641,163.15155199995758
2025-05-10T12:33:27Z,45787.52322916667,37.5422,-88.9765,162.99199999997492
2025-05-10T12:33:32Z,45787.52328703704,37.54221,-88.97658,163.02627200007183
2025-05-10T12:33:37Z,45787.52334490741,37.54223,-88.97664,162.88406400000176
2025-05-10T12:33:42Z,45787.52340277778,37.54224,-88.97671,162.92601600000242
2025-05-10T12:33:47Z,45787.523460648146,37.54226,-88.9768,162.79872000000748
2025-05-10T12:33:51Z,45787.523506944446,37.54229,-88.97687,162.57739199998727
2025-05-10T12:33:56Z,45787.523564814815,37.5423,-88.97694,162.44448000001998
2025-05-10T12:34:01Z,45787.523622685185,37.5423,-88.97701,162.54384000003483
2025-05-10T12:34:06Z,45787.523680555554,37.54233,-88.97704,162.30105600000456
2025-05-10T12:34:11Z,45787.52373842592,37.54234,-88.97712,162.24806399996555
2025-05-10T12:34:17Z,45787.52380787037,37.54235,-88.9772,162.15360000001277
2025-05-10T12:34:22Z,45787.52386574074,37.54237,-88.9773,162.13408000002704
2025-05-10T12:34:26Z,45787.52391203704,37.54238,-88.97739,162.2498559999721
2025-05-10T12:34:31Z,45787.52396990741,37.54242,-88.97743,161.58284799999893
2025-05-10T12:34:36Z,45787.52402777778,37.54247,-88.97747,160.62467199996428
2025-05-10T12:34:41Z,45787.52408564815,37.5425,-88.97748,160.00000000006656
2025-05-10T12:35:14Z,45787.52446759259,37.54258,-88.97827,159.7776640000027
2025-05-10T12:35:30Z,45787.52465277778,37.5426,-88.97837,159.72447999999517
2025-05-10T12:35:35Z,45787.52471064815,37.5426,-88.97847,159.9548800000026
2025-05-10T12:35:39Z,45787.52475694445,37.5426,-88.97863,160.2555200000047
2025-05-10T12:35:44Z,45787.52481481482,37.54263,-88.97866,159.98163199997117
2025-05-10T12:35:49Z,45787.524872685186,37.54264,-88.97871,159.8125759999989
2025-05-10T12:35:53Z,45787.52491898148,37.54271,-88.97875,159.10999999998984
2025-05-10T12:35:58Z,45787.524976851855,37.54272,-88.97878,158.9344639999729
2025-05-10T12:36:03Z,45787.525034722225,37.54272,-88.97881,158.8489279999852
2025-05-10T12:36:07Z,45787.52508101852,37.54272,-88.97887,158.67785599996927
2025-05-10T12:36:12Z,45787.52513888889,37.54272,-88.97895,158.7155199999622
2025-05-10T12:36:17Z,45787.525196759256,37.54273,-88.97902,158.6783680000231
2025-05-10T12:36:21Z,45787.525243055556,37.54275,-88.97908,158.4376000000277
2025-05-10T12:36:26Z,45787.525300925925,37.54272,-88.97913,158.98508799994977
2025-05-10T12:36:31Z,45787.525358796294,37.54273,-88.9792,158.92192000003294
2025-05-10T12:36:36Z,45787.525416666664,37.54273,-88.97925,159.01480000001183
2025-05-10T12:36:40Z,45787.52546296296,37.54273,-88.97931,159.1262560000235
2025-05-10T12:36:45Z,45787.52552083333,37.54273,-88.97938,159.25628800004148
2025-05-10T12:36:49Z,45787.52556712963,37.54271,-88.97941,159.8612320000153
2025-05-10T12:37:02Z,45787.525717592594,37.54269,-88.97941,160.4104479999965
2025-05-10T12:38:21Z,45787.52663194444,37.54322,-88.98026,158.63622399998914
2025-05-10T12:38:32Z,45787.52675925926,37.54319,-88.98031,158.5754240000363
2025-05-10T12:39:07Z,45787.52716435185,37.54322,-88.9809,163.56608000001506
2025-05-10T12:39:12Z,45787.52722222222,37.54321,-88.98085,163.20536000003574
2025-05-10T12:39:29Z,45787.52741898148,37.54337,-88.98137,166.2550240000204
2025-05-10T12:39:36Z,45787.5275,37.54332,-88.98096,164.794112
2025-05-10T12:39:42Z,45787.52756944444,37.54329,-88.98076,162.4915520000546
2025-05-10T12:39:47Z,45787.52762731481,37.54325,-88.98051,159.26719999999608
2025-05-10T12:40:13Z,45787.52792824074,37.54328,-88.98052,159.22169599999614
2025-05-10T12:40:20Z,45787.52800925926,37.5433,-88.98136,165.7475200000139
2025-05-10T12:40:26Z,45787.528078703705,37.54331,-88.98129,165.80209599998472
2025-05-10T12:40:32Z,45787.52814814815,37.54331,-88.98125,165.78999999998422
2025-05-10T12:40:36Z,45787.52819444444,37.5433,-88.98121,165.68272000002202
2025-05-10T12:40:47Z,45787.52832175926,37.54329,-88.98122,165.5931519999863
2025-05-10T12:40:51Z,45787.52836805556,37.54325,-88.98123,165.22840000000042
2025-05-10T12:40:56Z,45787.52842592593,37.54322,-88.98132,165.08281599997892
2025-05-10T12:41:01Z,45787.52848,37.54322,-88.98143,165.4800000000082
2025-05-10T12:41:05Z,45787.52853009259,37.5432,-88.98149,165.76799999994637
2025-05-10T12:41:10Z,45787.52858796297,37.54322,-88.98162,166.84800000003315
2025-05-10T12:41:15Z,45787.528645833336,37.54321,-88.98168,167.21337599999373
2025-05-10T12:41:20Z,45787.528703703705,37.54328,-88.98179,168.77750400006516
2025-05-10T12:41:24Z,45787.52875,37.54331,-88.98186,169.80307199995207
2025-05-10T12:41:29Z,45787.52880787037,37.5433,-88.98193,170.3764800000845
2025-05-10T12:41:34Z,45787.528865740744,37.54329,-88.982,171.14479999997454
2025-05-10T12:41:39Z,45787.52892361111,37.54323,-88.98202,170.49881600009215
2025-05-10T12:41:43Z,45787.528969907406,37.54322,-88.98207,170.99158399987903
2025-05-10T12:41:48Z,45787.529027777775,37.5432,-88.98212,171.3046399999137
2025-05-10T12:41:53Z,45787.52908564815,37.54319,-88.98217,171.76500800000306
2025-05-10T12:41:58Z,45787.52914351852,37.54316,-88.9822,171.6099200000779
2025-05-10T12:42:03Z,45787.52920138889,37.54314,-88.98226,171.4373120000251
2025-05-10T12:42:07Z,45787.52924768518,37.54313,-88.9823,171.18991999997533
2025-05-10T12:42:12Z,45787.52930555555,37.5431,-88.98237,170.62976000003349
2025-05-10T12:43:00Z,45787.529861111114,37.54304,-88.98214,168.92742399998525
2025-05-10T12:43:05Z,45787.52991898148,37.5431,-88.9822,170.54720000011403
2025-05-10T12:43:09Z,45787.529965277776,37.5431,-88.98228,170.73344000003974
2025-05-10T12:43:40Z,45787.530324074076,37.54286,-88.98242,167.88799999997218
2025-05-10T12:43:45Z,45787.530381944445,37.54285,-88.98248,167.78000000001498
2025-05-10T12:43:49Z,45787.53042824074,37.54284,-88.98251,167.51993599990672
2025-05-10T12:43:54Z,45787.530486111114,37.54287,-88.9826,166.43647999992731
2025-05-10T12:43:59Z,45787.530543981484,37.54291,-88.98265,166.01095999988473
2025-05-10T12:44:06Z,45787.53063,37.54292,-88.98254,167.88627200002077
2025-05-10T12:44:21Z,45787.530798611115,37.54297,-88.98242,169.07599999996592
2025-05-10T12:44:26Z,45787.530856481484,37.54301,-88.98244,169.50800000002664
2025-05-10T12:44:31Z,45787.53091435185,37.54299,-88.98248,169.29200000003448
2025-05-10T12:44:36Z,45787.53097222222,37.54295,-88.98251,168.6936799998929
2025-05-10T12:44:47Z,45787.53109953704,37.54289,-88.98255,167.41927999994536
2025-05-10T12:44:52Z,45787.53115740741,37.54288,-88.98256,167.16051199986407
2025-05-10T12:44:57Z,45787.53121527778,37.54285,-88.98259,166.39975999998498
2025-05-10T12:45:02Z,45787.531273148146,37.54285,-88.98263,165.7863200000075
2025-05-10T12:45:29Z,45787.53158564815,37.54294,-88.98269,165.61654399992744
2025-05-10T12:45:34Z,45787.531643518516,37.54292,-88.98431,165.7510399998822
2025-05-10T12:45:39Z,45787.531701388885,37.54295,-88.98439,166.09160000010237
2025-05-10T12:45:44Z,45787.53175925926,37.543,-88.98441,165.1519999999939
2025-05-10T12:46:04Z,45787.53199074074,37.54301,-88.98287,163.28955199993885
2025-05-10T12:46:10Z,45787.532060185185,37.54299,-88.98286,163.2741439999915
2025-05-10T12:46:29Z,45787.53228009259,37.54299,-88.98283,163.73163199991876
2025-05-10T12:46:47Z,45787.532488425924,37.54299,-88.98289,162.81665600006426
2025-05-10T12:47:02Z,45787.53266203704,37.54297,-88.98443,166.02392000010627
2025-05-10T12:48:46Z,45787.53386574074,37.54302,-88.98317,159.43273599997354
2025-05-10T12:48:56Z,45787.53398148148,37.54314,-88.98327,161.3506879999887
2025-05-10T12:49:16Z,45787.534212962964,37.54318,-88.98324,162.8894720000329
2025-05-10T12:49:26Z,45787.53433,37.5432,-88.98328,163.1561600000199
2025-05-10T12:50:36Z,45787.53513888889,37.54343,-88.98343,170.81268800003517
2025-05-10T12:51:06Z,45787.53548611111,37.54326,-88.98305,166.93855999984893
2025-05-10T12:51:16Z,45787.53560185185,37.54336,-88.98294,170.94406399999986
2025-05-10T12:51:26Z,45787.53571759259,37.54324,-88.98291,167.71212799989397
2025-05-10T12:51:36Z,45787.535833333335,37.5433,-88.98265,171.36559999997837
2025-05-10T12:51:46Z,45787.535949074074,37.54326,-88.9826,171.2028799998989
2025-05-10T12:51:51Z,45787.53600694444,37.54334,-88.98249,173.23654400002488
2025-05-10T12:51:55Z,45787.53605324074,37.54338,-88.9824,174.65407999998942
2025-05-10T12:52:00Z,45787.53611111111,37.54339,-88.98234,175.10998400006568
2025-05-10T12:52:04Z,45787.536157407405,37.54324,-88.98263,170.58425599995323
2025-05-10T12:52:09Z,45787.536215277774,37.54321,-88.98269,169.3889119999738
2025-05-10T12:52:14Z,45787.53627314815,37.54322,-88.98262,170.3832320000021
2025-05-10T12:52:18Z,45787.53631944444,37.54323,-88.98255,171.32311999997728
2025-05-10T12:52:23Z,45787.53637731481,37.54323,-88.98246,172.0648639999994
2025-05-10T12:52:28Z,45787.53643518518,37.54321,-88.98242,171.9882560000064
2025-05-10T12:52:33Z,45787.53649305556,37.54319,-88.98232,172.0792640000377
2025-05-10T12:52:38Z,45787.53655092593,37.54318,-88.98228,172.05363199998368
2025-05-10T12:52:43Z,45787.53661,37.5432,-88.98221,172.44511999991414
2025-05-10T12:52:47Z,45787.53665509259,37.54323,-88.98214,172.06611200003465
2025-05-10T12:52:52Z,45787.53671296296,37.54324,-88.98209,171.57593599994863
2025-05-10T12:53:19Z,45787.53702546296,37.54328,-88.98237,173.18028800002327
2025-05-10T12:53:26Z,45787.53710648148,37.54326,-88.98236,172.94988799995082
2025-05-10T12:53:31Z,45787.53716435185,37.54326,-88.98231,173.21484799995517
2025-05-10T12:54:49Z,45787.53806712963,37.54323,-88.98215,172.19672000007625
2025-05-10T12:54:53Z,45787.53811342592,37.54322,-88.98208,171.1208959999198
2025-05-10T12:54:58Z,45787.53817,37.5432,-88.98201,169.9107200000132
2025-05-10T12:55:22Z,45787.538449074076,37.54308,-88.98171,166.35945600005633
2025-05-10T12:55:41Z,45787.538668981484,37.5431,-88.98152,165.26400000004242
2025-05-10T12:55:46Z,45787.53872685185,37.54305,-88.98147,164.5464800000173
2025-05-10T12:55:51Z,45787.53878472222,37.54301,-88.9814,163.89631999997525
2025-05-10T12:56:22Z,45787.539143518516,37.54316,-88.98191,168.28675199999896
2025-05-10T12:56:33Z,45787.53927083333,37.54312,-88.98186,167.48294400000916
2025-05-10T12:56:37Z,45787.53931712963,37.5431,-88.98182,167.04864000002456
2025-05-10T12:56:42Z,45787.53938,37.54311,-88.98176,166.8597119999579
2025-05-10T12:56:49Z,45787.539456018516,37.54309,-88.98175,166.62240000001825
2025-05-10T12:56:53Z,45787.539502314816,37.54309,-88.98168,166.30790399998327
2025-05-10T12:57:41Z,45787.54005787037,37.54266,-88.97928,160.63897600005944
2025-05-10T12:57:50Z,45787.54016203704,37.54269,-88.97895,159.08703999999062
2025-05-10T12:57:55Z,45787.54021990741,37.5427,-88.97886,158.91487999997045
2025-05-10T12:58:00Z,45787.54027777778,37.5427,-88.9788,159.07039999994885
2025-05-10T12:58:05Z,45787.54033564815,37.54269,-88.97873,159.33924800000034
2025-05-10T12:58:09Z,45787.54038194445,37.5427,-88.97868,159.38143999997934
2025-05-10T12:58:14Z,45787.54043981482,37.54271,-88.97862,159.46380799998542
2025-05-10T12:58:19Z,45787.540497685186,37.54265,-88.97855,159.8187999999854
2025-05-10T12:58:23Z,45787.54054398148,37.54265,-88.97848,159.70287999999738
2025-05-10T12:58:28Z,45787.540601851855,37.54266,-88.97841,159.54102400000446
2025-05-10T12:58:33Z,45787.540659722225,37.54268,-88.97835,159.37312000001862
2025-05-10T12:58:38Z,45787.540717592594,37.54268,-88.97831,159.40643200002495
2025-05-10T12:58:43Z,45787.54077546296,37.54269,-88.97826,159.49657599998466
2025-05-10T12:58:48Z,45787.54083333333,37.54268,-88.97824,159.5697280000079
2025-05-10T12:58:53Z,45787.54089,37.54266,-88.97818,159.7419520000143
2025-05-10T12:58:58Z,45787.54094907407,37.54262,-88.97814,159.86867200000648
2025-05-10T12:59:03Z,45787.54100694445,37.54259,-88.97807,159.98315199999772
2025-05-10T12:59:08Z,45787.54106481482,37.54257,-88.978,159.94959999999654
2025-05-10T12:59:13Z,45787.54112268519,37.54257,-88.97793,159.8860960000042
2025-05-10T12:59:17Z,45787.54116898148,37.54251,-88.97785,159.97336000000044
2025-05-10T12:59:22Z,45787.54122685185,37.54246,-88.97784,160.52876800002164
2025-05-10T12:59:26Z,45787.54127314815,37.54244,-88.97786,160.83980800002792
2025-05-10T12:59:31Z,45787.54133101852,37.5424,-88.97786,161.39968000001736
2025-05-10T12:59:36Z,45787.54138888889,37.54237,-88.97788,161.92067200002032
2025-05-10T12:59:56Z,45787.54162037037,37.54239,-88.97785,161.49688000004988
2025-05-10T13:00:20Z,45787.54189814815,37.54239,-88.97757,162.07662400004727
2025-05-10T13:00:25Z,45787.54195601852,37.54237,-88.97753,162.65636800002736
2025-05-10T13:01:12Z,45787.5425,37.54227,-88.97744,164.6103039999678
2025-05-10T13:01:26Z,45787.542662037034,37.54225,-88.97743,164.94639999993413
2025-05-10T13:01:34Z,45787.54275462963,37.54223,-88.97741,165.20214399997448
2025-05-10T13:01:44Z,45787.54287037037,37.54224,-88.97739,164.87468800000624
2025-05-10T13:01:49Z,45787.54292824074,37.54225,-88.97731,164.16879999997215
2025-05-10T13:01:54Z,45787.54298611111,37.54226,-88.97729,163.87763199999637
2025-05-10T13:02:11Z,45787.54318287037,37.54219,-88.97718,164.6600000000658
2025-05-10T13:02:15Z,45787.543229166666,37.54222,-88.97716,163.83199999998283
2025-05-10T13:02:21Z,45787.54329861111,37.54222,-88.9771,163.61599999996542
2025-05-10T13:02:46Z,45787.543587962966,37.54204,-88.97686,167.7914239999931
2025-05-10T13:03:48Z,45787.54430555556,37.54193,-88.97682,171.62611199993037
2025-05-10T13:03:53Z,45787.54436342593,37.54194,-88.97679,170.91331200028105
2025-05-10T13:03:58Z,45787.54442,37.54193,-88.97684,171.5653439999537
2025-05-10T13:04:03Z,45787.54447916667,37.54189,-88.97687,174.81441599981088
2025-05-10T13:04:07Z,45787.54452546296,37.54182,-88.97689,180.68457599988713
2025-05-10T13:04:12Z,45787.544583333336,37.54175,-88.97693,186.74279999994673
2025-05-10T13:04:17Z,45787.544641203705,37.54172,-88.9769,189.16416000017375
2025-05-10T13:04:22Z,45787.544699074075,37.54167,-88.9769,193.39775999971104
2025-05-10T13:04:26Z,45787.54474537037,37.54164,-88.97691,194.05190400001413
2025-05-10T13:04:32Z,45787.54481481481,37.5416,-88.97695,194.72479999997446
2025-05-10T13:04:37Z,45787.54487268518,37.54166,-88.97691,193.82697600002328
2025-05-10T13:04:45Z,45787.544965277775,37.54173,-88.97683,187.98580799993732
2025-05-10T13:04:58Z,45787.545115740744,37.54175,-88.97686,186.46559999997245
2025-05-10T13:05:03Z,45787.54517361111,37.54176,-88.97691,185.81299200031384
2025-05-10T13:05:12Z,45787.545277777775,37.5417,-88.97704,191.16128000011116
2025-05-10T13:05:17Z,45787.545335648145,37.54164,-88.97702,194.31411199998672
2025-05-10T13:05:22Z,45787.54539351852,37.54159,-88.97703,194.91300800000693
2025-05-10T13:05:27Z,45787.54545138889,37.54164,-88.97694,194.2575359999824
2025-05-10T13:05:38Z,45787.545578703706,37.54167,-88.97692,193.53916799975326
2025-05-10T13:05:58Z,45787.545810185184,37.54177,-88.97703,185.18657600002953
2025-05-10T13:06:10Z,45787.545949074076,37.54178,-88.97701,184.3042879997695
2025-05-10T13:06:20Z,45787.546064814815,37.54168,-88.97703,192.86278400004292
2025-05-10T13:06:25Z,45787.546122685184,37.54163,-88.97705,194.44616000002895
2025-05-10T13:06:30Z,45787.54618055555,37.54162,-88.97695,194.50735999998247
2025-05-10T13:06:36Z,45787.54625,37.54168,-88.97689,192.484224
2025-05-10T13:06:41Z,45787.54630787037,37.54171,-88.97687,189.84542399987183
2025-05-10T13:07:05Z,45787.546585648146,37.54172,-88.97682,188.754048
2025-05-10T13:07:11Z,45787.54665509259,37.54166,-88.9768,193.04447999997666
2025-05-10T13:07:20Z,45787.54675925926,37.54161,-88.97687,194.13067200005077
2025-05-10T13:07:25Z,45787.54681712963,37.54157,-88.97691,194.83915200002056
2025-05-10T13:07:36Z,45787.546944444446,37.54156,-88.97697,195.18732800002596
2025-05-10T13:07:46Z,45787.547060185185,37.54158,-88.97694,194.90899199995815
2025-05-10T13:08:10Z,45787.54733796296,37.5415,-88.97714,196.22240000002287
2025-05-10T13:08:14Z,45787.54738425926,37.54147,-88.97713,196.59694400004838
2025-05-10T13:08:39Z,45787.54767361111,37.53896,-88.97746,212.7119999999536
2025-05-10T13:08:44Z,45787.54773148148,37.53891,-88.9775,213.00000000004331
2025-05-10T13:08:49Z,45787.547789351855,37.53888,-88.97754,213.28800000003412
2025-05-10T13:08:53Z,45787.54783564815,37.53883,-88.9776,213.7199999999666
2025-05-10T13:08:58Z,45787.54789351852,37.5388,-88.97769,214.36799999996765
2025-05-10T13:09:03Z,45787.547951388886,37.53875,-88.97776,214.8720000000253
2025-05-10T13:09:09Z,45787.54802083333,37.53868,-88.97773,214.65599999995675
2025-05-10T13:09:27Z,45787.54822916666,37.53867,-88.97775,214.80000000000246
2025-05-10T13:09:32Z,45787.54828703704,37.53859,-88.97779,215.11665599999873
2025-05-10T13:09:37Z,45787.54834490741,37.53853,-88.9778,215.34864
2025-05-10T13:09:42Z,45787.54840277778,37.53851,-88.97781,215.43777600000465
2025-05-10T13:10:04Z,45787.54865740741,37.53851,-88.97783,215.48356799998723
2025-05-10T13:10:09Z,45787.54871527778,37.53848,-88.97784,215.59027200000145
2025-05-10T13:10:46Z,45787.54914351852,37.53848,-88.97781,215.53324800001042
2025-05-10T13:10:51Z,45787.54920138889,37.53852,-88.97785,215.5027200000132
2025-05-10T13:10:56Z,45787.549259259256,37.5385,-88.97788,215.62079999999986
2025-05-10T13:11:06Z,45787.54938,37.53847,-88.9779,215.7244800000162
2025-05-10T13:11:46Z,45787.549837962964,37.53844,-88.97791,215.79878399998947
2025-05-10T13:11:56Z,45787.54995,37.53837,-88.97788,215.91657599999846
2025-05-10T13:12:06Z,45787.55006944444,37.53829,-88.97789,216.06302399999612
2025-05-10T13:12:10Z,45787.55011574074,37.53824,-88.97789,216.13574399999993
2025-05-10T13:12:15Z,45787.55017361111,37.53821,-88.97792,216.22732799999707
2025-05-10T13:12:20Z,45787.55023148148,37.5382,-88.97795,216.2976000000046
2025-05-10T13:12:25Z,45787.55028935185,37.5382,-88.97793,216.2630399999945
2025-05-10T13:12:35Z,45787.550405092596,37.53821,-88.978,216.3551999999929
2025-05-10T13:12:45Z,45787.550520833334,37.53816,-88.97803,216.56659200001613
2025-05-10T13:12:55Z,45787.55063657407,37.53811,-88.9779,216.35376000001034
2025-05-10T13:13:05Z,45787.55075231481,37.53818,-88.97797,216.38198400000573
2025-05-10T13:13:15Z,45787.55086805556,37.53812,-88.97793,216.42086400000326
2025-05-10T13:13:25Z,45787.550983796296,37.53823,-88.97796,216.24403199999776
2025-05-10T13:13:35Z,45787.551099537035,37.53811,-88.97783,216.15115199999005
2025-05-10T13:13:45Z,45787.55121527778,37.53811,-88.97798,216.58531199999825
2025-05-10T13:13:55Z,45787.55133101852,37.53813,-88.97786,216.21667200001545
2025-05-10T13:14:05Z,45787.55144675926,37.53812,-88.97789,216.31027200000705
2025-05-10T13:14:15Z,45787.55156,37.53804,-88.97785,216.1625600000281
2025-05-10T13:14:25Z,45787.55167824074,37.53816,-88.97789,216.25209600000804
2025-05-10T13:14:35Z,45787.55179398148,37.53814,-88.97789,216.28118400000756
2025-05-10T13:14:45Z,45787.55190972222,37.53817,-88.97784,216.13171200000025
2025-05-10T13:14:55Z,45787.55202546297,37.53829,-88.97797,216.1079519999908
2025-05-10T13:15:06Z,45787.552152777775,37.5382,-88.97794,216.28031999999956
2025-05-10T13:15:15Z,45787.552256944444,37.53815,-88.97791,216.31415999998353
2025-05-10T13:15:25Z,45787.55237268518,37.53823,-88.97796,216.24403199999776
2025-05-10T13:15:36Z,45787.5525,37.53818,-88.9779,216.24288000001533
2025-05-10T13:15:45Z,45787.55260416667,37.5382,-88.97795,216.2976000000046
2025-05-10T13:15:55Z,45787.552719907406,37.53815,-88.97791,216.31415999998353
2025-05-10T13:16:05Z,45787.552835648145,37.53817,-88.97793,216.32222399999944
2025-05-10T13:16:15Z,45787.55295138889,37.53822,-88.97786,216.12076800000733
2025-05-10T13:16:25Z,45787.55306712963,37.53822,-88.97791,216.19420799998724
2025-05-10T13:16:35Z,45787.55318287037,37.5382,-88.9779,216.2112000000039
2025-05-10T13:16:45Z,45787.553298611114,37.53823,-88.9779,216.16368000000926
2025-05-10T13:17:06Z,45787.55354166667,37.53833,-88.97796,216.00787199999516
2025-05-10T13:17:10Z,45787.55358796296,37.5383,-88.97782,216.01823999999772
2025-05-10T13:17:15Z,45787.55364583333,37.53829,-88.9778,216.01248000000012
2025-05-10T13:17:25Z,45787.553761574076,37.53814,-88.97742,215.60844800000152
2025-05-10T13:17:36Z,45787.55388888889,37.53809,-88.97754,215.89385600001182
2025-05-10T13:17:46Z,45787.55400462963,37.53746,-88.97672,217.9243519999903
2025-05-10T13:17:56Z,45787.55412037037,37.53703,-88.97669,219.64025599998294
2025-05-10T13:18:06Z,45787.554236111115,37.53696,-88.97648,220.57836800001346
2025-05-10T13:18:16Z,45787.55435185185,37.53691,-88.97649,220.68113600000677
2025-05-10T13:18:26Z,45787.55446759259,37.53681,-88.97648,220.8307520000059
2025-05-10T13:18:36Z,45787.55458333333,37.53683,-88.97645,220.87063999999884
2025-05-10T13:18:46Z,45787.55469907408,37.53689,-88.97641,220.93889599999625
2025-05-10T13:18:56Z,45787.554814814815,37.53699,-88.9765,220.33759999997847
2025-05-10T13:19:06Z,45787.554930555554,37.53681,-88.97654,220.71929599999484
2025-05-10T13:19:16Z,45787.55504629629,37.53689,-88.97648,220.73628800001453
2025-05-10T13:19:26Z,45787.55516203704,37.53684,-88.97654,220.66054400000402
2025-05-10T13:19:36Z,45787.55527777778,37.53687,-88.97653,220.62814400000778
2025-05-10T13:19:46Z,45787.555393518516,37.53685,-88.9765,220.73599999999482
2025-05-10T13:19:56Z,45787.55550925926,37.53681,-88.97649,220.81217599999965
2025-05-10T13:20:06Z,45787.55563,37.53683,-88.97656,220.6377919999823
2025-05-10T13:20:36Z,45787.555972222224,37.53688,-88.97654,220.582208
2025-05-10T13:20:46Z,45787.55608796296,37.53682,-88.97648,220.81894400001113
2025-05-10T13:20:56Z,45787.5562,37.53685,-88.97654,220.64095999999782
2025-05-10T13:21:06Z,45787.55631944445,37.53686,-88.97659,220.49609600000323
2025-05-10T13:21:16Z,45787.556435185186,37.53688,-88.97655,220.5545599999987
2025-05-10T13:21:26Z,45787.556550925925,37.53687,-88.9765,220.70719999999557
2025-05-10T13:21:46Z,45787.55678240741,37.53687,-88.97647,220.78625599998335
2025-05-10T13:21:56Z,45787.55689814815,37.53687,-88.97652,220.6544960000162
2025-05-10T13:22:06Z,45787.55701388889,37.53682,-88.97651,220.75932799999268
2025-05-10T13:22:16Z,45787.55712962963,37.53678,-88.97653,220.7927360000043
2025-05-10T13:22:26Z,45787.55724537037,37.53693,-88.97648,220.68905600001884
2025-05-10T13:22:36Z,45787.55736111111,37.53697,-88.97655,220.28936000000704
2025-05-10T13:22:46Z,45787.55747685185,37.5369,-88.97642,220.90591999998523
2025-05-10T13:22:56Z,45787.557592592595,37.53693,-88.9766,220.27951999998874
2025-05-10T13:23:06Z,45787.557708333334,37.53688,-88.97654,220.582208
2025-05-10T13:23:15Z,45787.55781,37.53685,-88.97657,220.5696800000085
2025-05-10T13:23:25Z,45787.55792824074,37.5369,-88.97662,220.30112000000082
2025-05-10T13:24:02Z,45787.55835648148,37.5369,-88.97639,220.99664000001513
2025-05-10T13:24:07Z,45787.55841435185,37.53688,-88.97653,220.60985600001533
2025-05-10T13:24:26Z,45787.55863425926,37.53682,-88.97648,220.81894400001113
2025-05-10T13:24:35Z,45787.55873842593,37.53691,-88.97649,220.68113600000677
2025-05-10T13:24:55Z,45787.558969907404,37.53687,-88.9765,220.70719999999557
2025-05-10T13:25:05Z,45787.55908564815,37.53691,-88.97656,220.4603839999825
2025-05-10T13:25:15Z,45787.55920138889,37.53686,-88.97655,220.59632
2025-05-10T13:25:25Z,45787.55931712963,37.53688,-88.97648,220.74809600001763
2025-05-10T13:25:35Z,45787.559432870374,37.5369,-88.97639,220.99664000001513
2025-05-10T13:25:45Z,45787.55954861111,37.53688,-88.97647,220.77574399998667
2025-05-10T13:25:55Z,45787.55966435185,37.53683,-88.9764,220.97648000000362
2025-05-10T13:26:05Z,45787.55978009259,37.53691,-88.97655,220.49191999999235
2025-05-10T13:26:15Z,45787.559895833336,37.53683,-88.97646,220.84947199999186
2025-05-10T13:26:25Z,45787.560011574074,37.53681,-88.97653,220.73787200000106
2025-05-10T13:26:35Z,45787.56012731481,37.53681,-88.97649,220.81217599999965
2025-05-10T13:26:45Z,45787.56024305556,37.53686,-88.97651,220.69654399999274
2025-05-10T13:26:55Z,45787.56036,37.53686,-88.97654,220.62137600000557
2025-05-10T13:27:05Z,45787.56047453704,37.53678,-88.9764,220.98368000000266
2025-05-10T13:27:15Z,45787.560590277775,37.53681,-88.97651,220.77502399998716
2025-05-10T13:27:25Z,45787.56070601852,37.5369,-88.97652,220.60352000001453
2025-05-10T13:27:35Z,45787.56082175926,37.53693,-88.97654,220.48428800000377
2025-05-10T13:27:45Z,45787.56094,37.53696,-88.97655,220.34047999998668
2025-05-10T13:27:55Z,45787.56105324074,37.53684,-88.97646,220.84025599999512
2025-05-10T13:28:05Z,45787.56116898148,37.53693,-88.97663,220.17713600000548
2025-05-10T13:28:15Z,45787.56128472222,37.53695,-88.97655,220.3916000000025
2025-05-10T13:28:25Z,45787.56140046296,37.53679,-88.9765,220.82239999999274
2025-05-10T13:28:46Z,45787.56164351852,37.53688,-88.97651,220.66515199999267
2025-05-10T13:28:55Z,45787.561747685184,37.53692,-88.97656,220.43820799997462
2025-05-10T13:29:05Z,45787.56186342592,37.53687,-88.97646,220.81260799999177
2025-05-10T13:29:15Z,45787.56197916667,37.53689,-88.97648,220.73628800001453
2025-05-10T13:29:26Z,45787.562106481484,37.53679,-88.97656,220.72649599998238
2025-05-10T13:29:35Z,45787.562210648146,37.53683,-88.97662,220.51078400000065
2025-05-10T13:29:45Z,45787.56232638889,37.53692,-88.97652,220.5695360000174
2025-05-10T13:29:55Z,45787.56244212963,37.53682,-88.97646,220.8586879999952
2025-05-10T13:30:05Z,45787.56255787037,37.53687,-88.97646,220.81260799999177
2025-05-10T13:30:25Z,45787.562789351854,37.53677,-88.97654,220.79763200000582
2025-05-10T13:30:37Z,45787.56292824074,37.53677,-88.97652,220.82441600001357
2025-05-10T13:30:45Z,45787.56302083333,37.53687,-88.97644,220.8653120000086
2025-05-10T13:30:56Z,45787.56314814815,37.53685,-88.97655,220.61719999999013
2025-05-10T13:31:05Z,45787.563252314816,37.53692,-88.97649,220.66803200000282
2025-05-10T13:31:15Z,45787.563368055555,37.53688,-88.97648,220.74809600001763
2025-05-10T13:31:25Z,45787.56348379629,37.53685,-88.97651,220.71223999998713
2025-05-10T13:31:35Z,45787.56359953704,37.53695,-88.9764,220.92080000002525
2025-05-10T13:31:45Z,45787.56371527778,37.53688,-88.97644,220.85868800001163
2025-05-10T13:31:55Z,45787.56383101852,37.5369,-88.97641,220.9361599999952
2025-05-10T13:32:05Z,45787.56394675926,37.53685,-88.9765,220.73599999999482
2025-05-10T13:32:15Z,45787.56406,37.53692,-88.97644,220.83219200000963
2025-05-10T13:32:25Z,45787.56417824074,37.53689,-88.97642,220.9099519999871
2025-05-10T13:32:35Z,45787.56429398148,37.53695,-88.97638,220.9280000000408
2025-05-10T13:32:45Z,45787.564409722225,37.53693,-88.97644,220.82556800001268
2025-05-10T13:32:55Z,45787.56452546296,37.53684,-88.97647,220.81779199998826
2025-05-10T13:33:05Z,45787.56464,37.53678,-88.9765,220.8367999999975
2025-05-10T13:33:16Z,45787.56476851852,37.53694,-88.97649,220.6418240000043
2025-05-10T13:33:25Z,45787.56487268519,37.53695,-88.97645,220.74440000001766
2025-05-10T13:33:35Z,45787.564988425926,37.53685,-88.97652,220.6884800000132
2025-05-10T13:33:45Z,45787.565104166664,37.53685,-88.97662,220.45088000000382
2025-05-10T13:33:55Z,45787.56521990741,37.53685,-88.97652,220.6884800000132
2025-05-10T13:34:06Z,45787.565347222226,37.53694,-88.97637,220.93308800000977
2025-05-10T13:34:15Z,45787.56545138889,37.53684,-88.9765,220.7503999999996
2025-05-10T13:34:26Z,45787.56558,37.53677,-88.97646,220.9047679999987
2025-05-10T13:34:35Z,45787.56568287037,37.537,-88.97665,219.84799999998498
2025-05-10T13:34:45Z,45787.56579861111,37.53687,-88.9764,220.9707200000048
2025-05-10T13:34:55Z,45787.56591435185,37.53683,-88.97643,220.91297600001278
2025-05-10T13:35:06Z,45787.566041666665,37.53689,-88.97648,220.73628800001453
2025-05-10T13:35:15Z,45787.566145833334,37.5369,-88.97654,220.5430399999946
2025-05-10T13:35:20Z,45787.566203703704,37.53682,-88.9764,220.97792000000385
2025-05-10T13:35:35Z,45787.56637731481,37.53691,-88.97653,220.5549920000121
2025-05-10T13:35:45Z,45787.56649305556,37.53692,-88.97647,220.73369599997756
2025-05-10T13:36:18Z,45787.56688,37.53701,-88.97636,220.4239999999827
2025-05-10T13:36:23Z,45787.56693287037,37.53697,-88.97645,220.6162400000223
2025-05-10T13:36:34Z,45787.56706018518,37.53691,-88.97644,220.8388160000113
2025-05-10T13:36:44Z,45787.56717592593,37.53698,-88.97642,220.6463359999873
2025-05-10T13:36:54Z,45787.567291666666,37.5369,-88.97652,220.60352000001453
2025-05-10T13:37:04Z,45787.567407407405,37.53695,-88.97652,220.49744000003716
2025-05-10T13:37:14Z,45787.56752314815,37.53689,-88.97653,220.59156800000994
2025-05-10T13:37:19Z,45787.56758101852,37.53682,-88.97651,220.75932799999268
2025-05-10T13:37:34Z,45787.56775462963,37.53677,-88.97647,220.89137599999484
2025-05-10T13:37:44Z,45787.56787037037,37.53681,-88.97644,220.90505600000446
2025-05-10T13:38:04Z,45787.56810185185,37.53683,-88.97653,220.70129600000323
2025-05-10T13:38:14Z,45787.56821759259,37.53692,-88.97657,220.4053760000106
2025-05-10T13:38:25Z,45787.568344907406,37.53688,-88.97657,220.49926400002136
2025-05-10T13:39:00Z,45787.56875,37.53688,-88.97648,220.74809600001763
2025-05-10T13:39:14Z,45787.56891203704,37.53697,-88.97663,220.02785600001343
2025-05-10T13:39:24Z,45787.569027777776,37.53688,-88.97653,220.60985600001533
2025-05-10T13:39:34Z,45787.56914351852,37.53689,-88.97651,220.64945599998708
2025-05-10T13:39:44Z,45787.56925925926,37.53695,-88.97656,220.35631999999097
2025-05-10T13:39:54Z,45787.56938,37.53681,-88.97649,220.81217599999965
2025-05-10T13:40:04Z,45787.56949074074,37.53684,-88.97654,220.66054400000402
2025-05-10T13:40:14Z,45787.569606481484,37.53693,-88.97662,220.21126400001606
2025-05-10T13:40:24Z,45787.56972222222,37.53688,-88.97657,220.49926400002136
2025-05-10T13:40:34Z,45787.56983796296,37.53686,-88.97652,220.67148800002076
2025-05-10T13:40:44Z,45787.56995370371,37.5368,-88.97643,220.92896000001156
2025-05-10T13:40:54Z,45787.570069444446,37.53681,-88.97646,220.86790399999197
2025-05-10T13:41:04Z,45787.570185185185,37.53684,-88.9765,220.7503999999996
2025-05-10T13:41:14Z,45787.57030092592,37.5369,-88.97661,220.3313600000108
2025-05-10T13:41:24Z,45787.57041666667,37.53688,-88.9765,220.6928
2025-05-10T13:41:34Z,45787.57053240741,37.5369,-88.97652,220.60352000001453
2025-05-10T13:41:43Z,45787.57063657408,37.53694,-88.97649,220.6418240000043
2025-05-10T13:41:53Z,45787.570752314816,37.53678,-88.97646,220.8955519999954
2025-05-10T13:42:04Z,45787.57087962963,37.53684,-88.97644,220.88518400000888
2025-05-10T13:42:13Z,45787.57098379629,37.53687,-88.97644,220.8653120000086
2025-05-10T13:42:23Z,45787.57109953704,37.53684,-88.97647,220.81779199998826
2025-05-10T13:42:33Z,45787.57121527778,37.53685,-88.97651,220.71223999998713
2025-05-10T13:42:43Z,45787.57133101852,37.5368,-88.97651,220.79071999999275
2025-05-10T13:42:53Z,45787.57144675926,37.53682,-88.97653,220.7195840000086
2025-05-10T13:43:03Z,45787.57156,37.53693,-88.97655,220.4501599999932
2025-05-10T13:43:13Z,45787.57167824074,37.53695,-88.97653,220.4621600000256
2025-05-10T13:43:23Z,45787.57179398148,37.53698,-88.9765,220.39519999999658
2025-05-10T13:43:33Z,45787.571909722225,37.53691,-88.97649,220.68113600000677
2025-05-10T13:43:43Z,45787.57202546296,37.53682,-88.97648,220.81894400001113
2025-05-10T13:43:53Z,45787.57214,37.53703,-88.97646,220.20684799998344
2025-05-10T13:44:03Z,45787.57225694445,37.53697,-88.97654,220.32204800001784
2025-05-10T13:44:13Z,45787.57237268519,37.5369,-88.97656,220.48255999997465
2025-05-10T13:44:23Z,45787.572488425925,37.53692,-88.97653,220.53670400000672
2025-05-10T13:44:33Z,45787.572604166664,37.53683,-88.97653,220.70129600000323
2025-05-10T13:44:43Z,45787.57271990741,37.53688,-88.97649,220.72044800000933
2025-05-10T13:44:53Z,45787.57283564815,37.53691,-88.97648,220.71267200001662
2025-05-10T13:45:03Z,45787.57295138889,37.53686,-88.97651,220.69654399999274
2025-05-10T13:45:14Z,45787.57308,37.5368,-88.9765,220.80799999999817
2025-05-10T13:45:23Z,45787.57318287037,37.53687,-88.97655,220.57543999999095
2025-05-10T13:45:33Z,45787.57329861111,37.53689,-88.97658,220.44684800000536
2025-05-10T13:45:43Z,45787.57341435185,37.53687,-88.97652,220.6544960000162
2025-05-10T13:45:53Z,45787.573530092595,37.53688,-88.97654,220.582208
2025-05-10T13:46:03Z,45787.573645833334,37.53681,-88.97655,220.7007199999886
2025-05-10T13:46:13Z,45787.57376157407,37.53685,-88.97654,220.64095999999782
2025-05-10T13:46:23Z,45787.57387731481,37.53684,-88.97657,220.59315200001535
2025-05-10T13:46:33Z,45787.57399305556,37.53687,-88.97654,220.60179199999936
2025-05-10T13:46:43Z,45787.574108796296,37.53696,-88.97658,220.23852800000284
2025-05-10T13:46:53Z,45787.574224537035,37.53689,-88.97663,220.3021280000008
2025-05-10T13:47:03Z,45787.57434027778,37.53686,-88.97661,220.44598400002366
2025-05-10T13:47:13Z,45787.57445601852,37.53686,-88.97656,220.5712639999904
2025-05-10T13:47:23Z,45787.57457175926,37.53687,-88.97649,220.73355200000398
2025-05-10T13:47:33Z,45787.57469,37.53681,-88.97651,220.77502399998716
2025-05-10T13:47:43Z,45787.57480324074,37.53684,-88.97661,220.5032960000198
2025-05-10T13:48:03Z,45787.57503472222,37.53696,-88.97652,220.44243200001887
2025-05-10T13:48:13Z,45787.575150462966,37.53691,-88.97659,220.3657759999977
2025-05-10T13:48:23Z,45787.575266203705,37.53689,-88.97658,220.44684800000536
2025-05-10T13:48:33Z,45787.57538194444,37.53685,-88.97659,220.5221599999931
2025-05-10T13:48:43Z,45787.57549768518,37.53687,-88.97646,220.81260799999177
2025-05-10T13:48:53Z,45787.57561342593,37.53689,-88.97657,220.4757920000145
2025-05-10T13:49:03Z,45787.57572916667,37.53685,-88.97653,220.6647200000055
2025-05-10T13:49:13Z,45787.575844907406,37.53687,-88.97647,220.78625599998335
2025-05-10T13:49:23Z,45787.57596064815,37.53682,-88.97651,220.75932799999268
2025-05-10T13:49:33Z,45787.57607638889,37.53688,-88.97657,220.49926400002136
2025-05-10T13:49:43Z,45787.57619212963,37.5368,-88.97654,220.73888000000105
2025-05-10T13:50:03Z,45787.57642361111,37.53687,-88.97657,220.52273600001158
2025-05-10T13:50:13Z,45787.57653935185,37.5369,-88.97656,220.48255999997465
2025-05-10T13:50:23Z,45787.57665509259,37.53691,-88.97651,220.61806399998702
2025-05-10T13:50:33Z,45787.57677083334,37.53685,-88.97664,220.40335999998842
2025-05-10T13:50:43Z,45787.576886574076,37.53682,-88.97653,220.7195840000086
2025-05-10T13:50:53Z,45787.577002314814,37.53691,-88.97656,220.4603839999825
2025-05-10T13:51:03Z,45787.57711805555,37.53688,-88.97659,220.4439680000047
2025-05-10T13:51:13Z,45787.57723,37.53683,-88.97651,220.7436319999871
2025-05-10T13:51:23Z,45787.57734953704,37.5369,-88.97656,220.48255999997465
2025-05-10T13:51:33Z,45787.577465277776,37.53685,-88.97655,220.61719999999013
2025-05-10T13:51:43Z,45787.577581018515,37.53689,-88.9765,220.67839999999623
2025-05-10T13:51:53Z,45787.57769675926,37.53685,-88.97652,220.6884800000132
2025-05-10T13:52:03Z,45787.57781,37.53691,-88.9765,220.6495999999969
2025-05-10T13:52:13Z,45787.57792824074,37.53681,-88.97657,220.6635680000025
2025-05-10T13:52:23Z,45787.578043981484,37.53691,-88.97658,220.39731200000756
2025-05-10T13:52:33Z,45787.57815972222,37.53688,-88.97644,220.85868800001163
2025-05-10T13:52:43Z,45787.57827546296,37.53684,-88.97647,220.81779199998826
2025-05-10T13:52:53Z,45787.57839,37.53682,-88.97655,220.67983999999632
2025-05-10T13:53:03Z,45787.57850694445,37.53684,-88.97658,220.57068800000846
2025-05-10T13:53:23Z,45787.578738425924,37.53686,-88.97661,220.44598400002366
2025-05-10T13:53:43Z,45787.57896990741,37.5369,-88.97653,220.57328000000456
2025-05-10T13:53:53Z,45787.57908564815,37.53688,-88.97647,220.77574399998667
2025-05-10T13:54:03Z,45787.579201388886,37.5369,-88.97659,220.39183999998775
2025-05-10T13:54:13Z,45787.57931712963,37.53687,-88.97659,220.47003199999475
2025-05-10T13:54:43Z,45787.579664351855,37.53689,-88.97655,220.53367999999165
2025-05-10T13:54:53Z,45787.579780092594,37.53689,-88.97652,220.6205120000191
2025-05-10T13:55:03Z,45787.57989583333,37.53682,-88.97642,220.93817599999153
2025-05-10T13:55:13Z,45787.58001157407,37.53685,-88.97647,220.80727999998413
2025-05-10T13:55:23Z,45787.58012731482,37.53682,-88.97645,220.87856000000133
2025-05-10T13:55:33Z,45787.580243055556,37.53688,-88.97659,220.4439680000047
2025-05-10T13:55:40Z,45787.58032407407,37.53688,-88.97653,220.60985600001533
2025-05-10T13:56:41Z,45787.581030092595,37.53686,-88.97648,220.77171200001553
2025-05-10T13:57:06Z,45787.58131944444,37.53684,-88.97663,220.45836800000606
2025-05-10T13:57:16Z,45787.58143518519,37.53682,-88.97652,220.73945600001477
2025-05-10T13:57:26Z,45787.58155092593,37.53688,-88.97658,220.47161600001303
2025-05-10T13:57:36Z,45787.581666666665,37.5369,-88.97653,220.57328000000456
2025-05-10T13:57:41Z,45787.581724537034,37.53693,-88.97656,220.4160319999826
2025-05-10T13:57:49Z,45787.58181712963,37.53689,-88.97666,220.2152960000145
2025-05-10T13:57:55Z,45787.58188657407,37.53683,-88.97666,220.42611200000286
2025-05-10T13:58:01Z,45787.58195601852,37.53698,-88.97653,220.3010240000112
2025-05-10T13:58:09Z,45787.58204861111,37.53684,-88.97659,220.5482240000016
2025-05-10T13:58:16Z,45787.58212962963,37.53685,-88.97651,220.71223999998713
2025-05-10T13:58:22Z,45787.58219907407,37.53692,-88.9765,220.63519999999212
2025-05-10T13:58:32Z,45787.58231481481,37.53689,-88.97651,220.64945599998708
